transaction_id,timestamp
98875074,2021-04-09T07:09:45
98665263,2021-04-08T21:33:29
98659674,2021-04-08T21:19:16
98587805,2021-04-08T18:07:32
98541515,2021-04-08T16:10:36
98090649,2021-04-07T19:54:17
97818593,2021-04-07T03:43:49
97797898,2021-04-07T02:06:40
99308342,2021-04-10T02:55:47
109053761,2021-04-12T18:17:27.952080
109141944,2021-04-12T20:24:09.476943
109140698,2021-04-12T20:21:49.899684
109131594,2021-04-12T20:14:41.297775
109129890,2021-04-12T20:11:03.800179
109129696,2021-04-12T20:10:37.558187
109128077,2021-04-12T20:06:58.132168
109127164,2021-04-12T20:05:00.297022
109125145,2021-04-12T20:01:02.206410
109124498,2021-04-12T19:59:48.598719
104274584,2021-04-20T17:07:40
102806268,2021-04-16T13:58:15
102780624,2021-04-16T12:19:52
102618939,2021-04-16T03:54:30
104346359,2021-04-20T21:26:35
104419553,2021-04-21T02:26:14
104443183,2021-04-21T04:02:06
104419553,2021-04-21T02:26:14
104346359,2021-04-20T21:26:35
104274584,2021-04-20T17:07:40
104443183,2021-04-21T04:02:06
104419553,2021-04-21T02:26:14
104346359,2021-04-20T21:26:35
104274584,2021-04-20T17:07:40
104443183,2021-04-21T04:02:06
104419553,2021-04-21T02:26:14
104346359,2021-04-20T21:26:35
104274584,2021-04-20T17:07:40
104443183,2021-04-21T04:02:06
104419553,2021-04-21T02:26:14
104346359,2021-04-20T21:26:35
104274584,2021-04-20T17:07:40
104443183,2021-04-21T04:02:06
104419553,2021-04-21T02:26:14
104346359,2021-04-20T21:26:35
104274584,2021-04-20T17:07:40
104443183,2021-04-21T04:02:06
104419553,2021-04-21T02:26:14
104346359,2021-04-20T21:26:35
104274584,2021-04-20T17:07:40
104443183,2021-04-21T04:02:06
104419553,2021-04-21T02:26:14
104346359,2021-04-20T21:26:35
104274584,2021-04-20T17:07:40
104443183,2021-04-21T04:02:06
104419553,2021-04-21T02:26:14
104346359,2021-04-20T21:26:35
104274584,2021-04-20T17:07:40
104443183,2021-04-21T04:02:06
104419553,2021-04-21T02:26:14
104346359,2021-04-20T21:26:35
104274584,2021-04-20T17:07:40
104443183,2021-04-21T04:02:06
104419553,2021-04-21T02:26:14
104346359,2021-04-20T21:26:35
104274584,2021-04-20T17:07:40
104443183,2021-04-21T04:02:06
104419553,2021-04-21T02:26:14
104346359,2021-04-20T21:26:35
104274584,2021-04-20T17:07:40
104443183,2021-04-21T04:02:06
104419553,2021-04-21T02:26:14
104346359,2021-04-20T21:26:35
104274584,2021-04-20T17:07:40
104443183,2021-04-21T04:02:06
104419553,2021-04-21T02:26:14
104346359,2021-04-20T21:26:35
104274584,2021-04-20T17:07:40
104443183,2021-04-21T04:02:06
104419553,2021-04-21T02:26:14
104346359,2021-04-20T21:26:35
104274584,2021-04-20T17:07:40
104443183,2021-04-21T04:02:06
104419553,2021-04-21T02:26:14
104346359,2021-04-20T21:26:35
104274584,2021-04-20T17:07:40
104443183,2021-04-21T04:02:06
104419553,2021-04-21T02:26:14
104346359,2021-04-20T21:26:35
104274584,2021-04-20T17:07:40
104443183,2021-04-21T04:02:06
104419553,2021-04-21T02:26:14
104346359,2021-04-20T21:26:35
104274584,2021-04-20T17:07:40
104443183,2021-04-21T04:02:06
104419553,2021-04-21T02:26:14
104346359,2021-04-20T21:26:35
104274584,2021-04-20T17:07:40
104443183,2021-04-21T04:02:06
104419553,2021-04-21T02:26:14
104346359,2021-04-20T21:26:35
104274584,2021-04-20T17:07:40
104443183,2021-04-21T04:02:06
104419553,2021-04-21T02:26:14
104346359,2021-04-20T21:26:35
104274584,2021-04-20T17:07:40
104443183,2021-04-21T04:02:06
104419553,2021-04-21T02:26:14
104346359,2021-04-20T21:26:35
104274584,2021-04-20T17:07:40
104443183,2021-04-21T04:02:06
104419553,2021-04-21T02:26:14
104346359,2021-04-20T21:26:35
104274584,2021-04-20T17:07:40
104443183,2021-04-21T04:02:06
104419553,2021-04-21T02:26:14
104346359,2021-04-20T21:26:35
104274584,2021-04-20T17:07:40
104443183,2021-04-21T04:02:06
104419553,2021-04-21T02:26:14
104346359,2021-04-20T21:26:35
104274584,2021-04-20T17:07:40
104443183,2021-04-21T04:02:06
104419553,2021-04-21T02:26:14
104346359,2021-04-20T21:26:35
104274584,2021-04-20T17:07:40
104443183,2021-04-21T04:02:06
104419553,2021-04-21T02:26:14
104346359,2021-04-20T21:26:35
104274584,2021-04-20T17:07:40
104443183,2021-04-21T04:02:06
104419553,2021-04-21T02:26:14
104346359,2021-04-20T21:26:35
104274584,2021-04-20T17:07:40
104443183,2021-04-21T04:02:06
104419553,2021-04-21T02:26:14
104346359,2021-04-20T21:26:35
104274584,2021-04-20T17:07:40
104443183,2021-04-21T04:02:06
104419553,2021-04-21T02:26:14
104346359,2021-04-20T21:26:35
104274584,2021-04-20T17:07:40
104443183,2021-04-21T04:02:06
104419553,2021-04-21T02:26:14
104346359,2021-04-20T21:26:35
104274584,2021-04-20T17:07:40
104443183,2021-04-21T04:02:06
104419553,2021-04-21T02:26:14
104346359,2021-04-20T21:26:35
104274584,2021-04-20T17:07:40
104443183,2021-04-21T04:02:06
104419553,2021-04-21T02:26:14
104346359,2021-04-20T21:26:35
104274584,2021-04-20T17:07:40
104443183,2021-04-21T04:02:06
104419553,2021-04-21T02:26:14
104346359,2021-04-20T21:26:35
104274584,2021-04-20T17:07:40
104443183,2021-04-21T04:02:06
104419553,2021-04-21T02:26:14
104346359,2021-04-20T21:26:35
104274584,2021-04-20T17:07:40
104443183,2021-04-21T04:02:06
104419553,2021-04-21T02:26:14
104346359,2021-04-20T21:26:35
104274584,2021-04-20T17:07:40
104443183,2021-04-21T04:02:06
104419553,2021-04-21T02:26:14
104346359,2021-04-20T21:26:35
104274584,2021-04-20T17:07:40
104443183,2021-04-21T04:02:06
104419553,2021-04-21T02:26:14
104346359,2021-04-20T21:26:35
104274584,2021-04-20T17:07:40
104443183,2021-04-21T04:02:06
104419553,2021-04-21T02:26:14
104346359,2021-04-20T21:26:35
104274584,2021-04-20T17:07:40
104443183,2021-04-21T04:02:06
104419553,2021-04-21T02:26:14
104346359,2021-04-20T21:26:35
104274584,2021-04-20T17:07:40
104443183,2021-04-21T04:02:06
104419553,2021-04-21T02:26:14
104346359,2021-04-20T21:26:35
104274584,2021-04-20T17:07:40
104443183,2021-04-21T04:02:06
104419553,2021-04-21T02:26:14
104346359,2021-04-20T21:26:35
104274584,2021-04-20T17:07:40
104443183,2021-04-21T04:02:06
104419553,2021-04-21T02:26:14
104346359,2021-04-20T21:26:35
104274584,2021-04-20T17:07:40
104443183,2021-04-21T04:02:06
104419553,2021-04-21T02:26:14
104346359,2021-04-20T21:26:35
104274584,2021-04-20T17:07:40
104443183,2021-04-21T04:02:06
104419553,2021-04-21T02:26:14
104346359,2021-04-20T21:26:35
104274584,2021-04-20T17:07:40
104443183,2021-04-21T04:02:06
104419553,2021-04-21T02:26:14
104346359,2021-04-20T21:26:35
104274584,2021-04-20T17:07:40
104443183,2021-04-21T04:02:06
104419553,2021-04-21T02:26:14
104346359,2021-04-20T21:26:35
104274584,2021-04-20T17:07:40
104443183,2021-04-21T04:02:06
104419553,2021-04-21T02:26:14
104346359,2021-04-20T21:26:35
104274584,2021-04-20T17:07:40
104443183,2021-04-21T04:02:06
104419553,2021-04-21T02:26:14
104346359,2021-04-20T21:26:35
104274584,2021-04-20T17:07:40
104443183,2021-04-21T04:02:06
104419553,2021-04-21T02:26:14
104346359,2021-04-20T21:26:35
104274584,2021-04-20T17:07:40
104443183,2021-04-21T04:02:06
104419553,2021-04-21T02:26:14
104346359,2021-04-20T21:26:35
104274584,2021-04-20T17:07:40
104443183,2021-04-21T04:02:06
104419553,2021-04-21T02:26:14
104346359,2021-04-20T21:26:35
104274584,2021-04-20T17:07:40
104443183,2021-04-21T04:02:06
104419553,2021-04-21T02:26:14
104346359,2021-04-20T21:26:35
104274584,2021-04-20T17:07:40
104443183,2021-04-21T04:02:06
104419553,2021-04-21T02:26:14
104346359,2021-04-20T21:26:35
104274584,2021-04-20T17:07:40
104443183,2021-04-21T04:02:06
104419553,2021-04-21T02:26:14
104346359,2021-04-20T21:26:35
104274584,2021-04-20T17:07:40
104443183,2021-04-21T04:02:06
104419553,2021-04-21T02:26:14
104346359,2021-04-20T21:26:35
104274584,2021-04-20T17:07:40
104443183,2021-04-21T04:02:06
104419553,2021-04-21T02:26:14
104346359,2021-04-20T21:26:35
104274584,2021-04-20T17:07:40
104443183,2021-04-21T04:02:06
104419553,2021-04-21T02:26:14
104346359,2021-04-20T21:26:35
104274584,2021-04-20T17:07:40
104443183,2021-04-21T04:02:06
104419553,2021-04-21T02:26:14
104346359,2021-04-20T21:26:35
104274584,2021-04-20T17:07:40
104443183,2021-04-21T04:02:06
104419553,2021-04-21T02:26:14
104346359,2021-04-20T21:26:35
104274584,2021-04-20T17:07:40
104443183,2021-04-21T04:02:06
104419553,2021-04-21T02:26:14
104346359,2021-04-20T21:26:35
104274584,2021-04-20T17:07:40
104443183,2021-04-21T04:02:06
104419553,2021-04-21T02:26:14
104346359,2021-04-20T21:26:35
104274584,2021-04-20T17:07:40
104443183,2021-04-21T04:02:06
104419553,2021-04-21T02:26:14
104346359,2021-04-20T21:26:35
104274584,2021-04-20T17:07:40
104443183,2021-04-21T04:02:06
104419553,2021-04-21T02:26:14
104346359,2021-04-20T21:26:35
104274584,2021-04-20T17:07:40
104443183,2021-04-21T04:02:06
104419553,2021-04-21T02:26:14
104346359,2021-04-20T21:26:35
104274584,2021-04-20T17:07:40
104443183,2021-04-21T04:02:06
104419553,2021-04-21T02:26:14
104346359,2021-04-20T21:26:35
104274584,2021-04-20T17:07:40
104443183,2021-04-21T04:02:06
104419553,2021-04-21T02:26:14
104346359,2021-04-20T21:26:35
104274584,2021-04-20T17:07:40
104443183,2021-04-21T04:02:06
104419553,2021-04-21T02:26:14
104346359,2021-04-20T21:26:35
104274584,2021-04-20T17:07:40
104443183,2021-04-21T04:02:06
104419553,2021-04-21T02:26:14
104346359,2021-04-20T21:26:35
104274584,2021-04-20T17:07:40
104443183,2021-04-21T04:02:06
104419553,2021-04-21T02:26:14
104346359,2021-04-20T21:26:35
104274584,2021-04-20T17:07:40
104443183,2021-04-21T04:02:06
104419553,2021-04-21T02:26:14
104346359,2021-04-20T21:26:35
104274584,2021-04-20T17:07:40
104443183,2021-04-21T04:02:06
104419553,2021-04-21T02:26:14
104346359,2021-04-20T21:26:35
104274584,2021-04-20T17:07:40
104443183,2021-04-21T04:02:06
104419553,2021-04-21T02:26:14
104346359,2021-04-20T21:26:35
104274584,2021-04-20T17:07:40
104443183,2021-04-21T04:02:06
104419553,2021-04-21T02:26:14
104346359,2021-04-20T21:26:35
104274584,2021-04-20T17:07:40
104443183,2021-04-21T04:02:06
104419553,2021-04-21T02:26:14
104346359,2021-04-20T21:26:35
104274584,2021-04-20T17:07:40
104443183,2021-04-21T04:02:06
104419553,2021-04-21T02:26:14
104346359,2021-04-20T21:26:35
104274584,2021-04-20T17:07:40
104443183,2021-04-21T04:02:06
104419553,2021-04-21T02:26:14
104346359,2021-04-20T21:26:35
104274584,2021-04-20T17:07:40
104443183,2021-04-21T04:02:06
104419553,2021-04-21T02:26:14
104346359,2021-04-20T21:26:35
104274584,2021-04-20T17:07:40
104443183,2021-04-21T04:02:06
104419553,2021-04-21T02:26:14
104346359,2021-04-20T21:26:35
104274584,2021-04-20T17:07:40
104443183,2021-04-21T04:02:06
104419553,2021-04-21T02:26:14
104346359,2021-04-20T21:26:35
104274584,2021-04-20T17:07:40
104443183,2021-04-21T04:02:06
104419553,2021-04-21T02:26:14
104346359,2021-04-20T21:26:35
104274584,2021-04-20T17:07:40
104443183,2021-04-21T04:02:06
104419553,2021-04-21T02:26:14
104346359,2021-04-20T21:26:35
104274584,2021-04-20T17:07:40
104443183,2021-04-21T04:02:06
104419553,2021-04-21T02:26:14
104346359,2021-04-20T21:26:35
104274584,2021-04-20T17:07:40
104443183,2021-04-21T04:02:06
104419553,2021-04-21T02:26:14
104346359,2021-04-20T21:26:35
104274584,2021-04-20T17:07:40
104443183,2021-04-21T04:02:06
104419553,2021-04-21T02:26:14
104346359,2021-04-20T21:26:35
104274584,2021-04-20T17:07:40
104443183,2021-04-21T04:02:06
104419553,2021-04-21T02:26:14
104346359,2021-04-20T21:26:35
104274584,2021-04-20T17:07:40
104443183,2021-04-21T04:02:06
104419553,2021-04-21T02:26:14
104346359,2021-04-20T21:26:35
104274584,2021-04-20T17:07:40
104443183,2021-04-21T04:02:06
104419553,2021-04-21T02:26:14
104346359,2021-04-20T21:26:35
104274584,2021-04-20T17:07:40
104443183,2021-04-21T04:02:06
104419553,2021-04-21T02:26:14
104346359,2021-04-20T21:26:35
104274584,2021-04-20T17:07:40
104443183,2021-04-21T04:02:06
104419553,2021-04-21T02:26:14
104346359,2021-04-20T21:26:35
104274584,2021-04-20T17:07:40
104443183,2021-04-21T04:02:06
104419553,2021-04-21T02:26:14
104346359,2021-04-20T21:26:35
104274584,2021-04-20T17:07:40
104443183,2021-04-21T04:02:06
104419553,2021-04-21T02:26:14
104346359,2021-04-20T21:26:35
104274584,2021-04-20T17:07:40
104443183,2021-04-21T04:02:06
104419553,2021-04-21T02:26:14
104346359,2021-04-20T21:26:35
104274584,2021-04-20T17:07:40
104443183,2021-04-21T04:02:06
104419553,2021-04-21T02:26:14
104346359,2021-04-20T21:26:35
104274584,2021-04-20T17:07:40
104443183,2021-04-21T04:02:06
104419553,2021-04-21T02:26:14
104346359,2021-04-20T21:26:35
104274584,2021-04-20T17:07:40
104443183,2021-04-21T04:02:06
104419553,2021-04-21T02:26:14
104346359,2021-04-20T21:26:35
104274584,2021-04-20T17:07:40
104443183,2021-04-21T04:02:06
104419553,2021-04-21T02:26:14
104346359,2021-04-20T21:26:35
104274584,2021-04-20T17:07:40
104443183,2021-04-21T04:02:06
104419553,2021-04-21T02:26:14
104346359,2021-04-20T21:26:35
104274584,2021-04-20T17:07:40
104443183,2021-04-21T04:02:06
104419553,2021-04-21T02:26:14
104346359,2021-04-20T21:26:35
104274584,2021-04-20T17:07:40
104443183,2021-04-21T04:02:06
104419553,2021-04-21T02:26:14
104346359,2021-04-20T21:26:35
104274584,2021-04-20T17:07:40
104443183,2021-04-21T04:02:06
104419553,2021-04-21T02:26:14
104346359,2021-04-20T21:26:35
104274584,2021-04-20T17:07:40
104443183,2021-04-21T04:02:06
104419553,2021-04-21T02:26:14
104346359,2021-04-20T21:26:35
104274584,2021-04-20T17:07:40
104443183,2021-04-21T04:02:06
104419553,2021-04-21T02:26:14
104346359,2021-04-20T21:26:35
104274584,2021-04-20T17:07:40
104443183,2021-04-21T04:02:06
104419553,2021-04-21T02:26:14
104346359,2021-04-20T21:26:35
104274584,2021-04-20T17:07:40
104443183,2021-04-21T04:02:06
104419553,2021-04-21T02:26:14
104346359,2021-04-20T21:26:35
104274584,2021-04-20T17:07:40
104443183,2021-04-21T04:02:06
104419553,2021-04-21T02:26:14
104346359,2021-04-20T21:26:35
104274584,2021-04-20T17:07:40
104443183,2021-04-21T04:02:06
104419553,2021-04-21T02:26:14
104346359,2021-04-20T21:26:35
104274584,2021-04-20T17:07:40
104443183,2021-04-21T04:02:06
104419553,2021-04-21T02:26:14
104346359,2021-04-20T21:26:35
104274584,2021-04-20T17:07:40
104443183,2021-04-21T04:02:06
104419553,2021-04-21T02:26:14
104346359,2021-04-20T21:26:35
104274584,2021-04-20T17:07:40
104443183,2021-04-21T04:02:06
104419553,2021-04-21T02:26:14
104346359,2021-04-20T21:26:35
104274584,2021-04-20T17:07:40
104443183,2021-04-21T04:02:06
104419553,2021-04-21T02:26:14
104346359,2021-04-20T21:26:35
104274584,2021-04-20T17:07:40
104443183,2021-04-21T04:02:06
104419553,2021-04-21T02:26:14
104346359,2021-04-20T21:26:35
104274584,2021-04-20T17:07:40
104443183,2021-04-21T04:02:06
104419553,2021-04-21T02:26:14
104346359,2021-04-20T21:26:35
104274584,2021-04-20T17:07:40
104443183,2021-04-21T04:02:06
104419553,2021-04-21T02:26:14
104346359,2021-04-20T21:26:35
104274584,2021-04-20T17:07:40
104443183,2021-04-21T04:02:06
104419553,2021-04-21T02:26:14
104346359,2021-04-20T21:26:35
104274584,2021-04-20T17:07:40
104443183,2021-04-21T04:02:06
104419553,2021-04-21T02:26:14
104346359,2021-04-20T21:26:35
104274584,2021-04-20T17:07:40
104443183,2021-04-21T04:02:06
104419553,2021-04-21T02:26:14
104346359,2021-04-20T21:26:35
104274584,2021-04-20T17:07:40
104443183,2021-04-21T04:02:06
104419553,2021-04-21T02:26:14
104346359,2021-04-20T21:26:35
104274584,2021-04-20T17:07:40
104443183,2021-04-21T04:02:06
104419553,2021-04-21T02:26:14
104346359,2021-04-20T21:26:35
104274584,2021-04-20T17:07:40
104443183,2021-04-21T04:02:06
104419553,2021-04-21T02:26:14
104346359,2021-04-20T21:26:35
104274584,2021-04-20T17:07:40
104443183,2021-04-21T04:02:06
104419553,2021-04-21T02:26:14
104346359,2021-04-20T21:26:35
104274584,2021-04-20T17:07:40
104443183,2021-04-21T04:02:06
104419553,2021-04-21T02:26:14
104346359,2021-04-20T21:26:35
104274584,2021-04-20T17:07:40
104443183,2021-04-21T04:02:06
104419553,2021-04-21T02:26:14
104346359,2021-04-20T21:26:35
104274584,2021-04-20T17:07:40
104443183,2021-04-21T04:02:06
104419553,2021-04-21T02:26:14
104346359,2021-04-20T21:26:35
104274584,2021-04-20T17:07:40
104443183,2021-04-21T04:02:06
104419553,2021-04-21T02:26:14
104346359,2021-04-20T21:26:35
104274584,2021-04-20T17:07:40
104443183,2021-04-21T04:02:06
104419553,2021-04-21T02:26:14
104346359,2021-04-20T21:26:35
104274584,2021-04-20T17:07:40
104443183,2021-04-21T04:02:06
104419553,2021-04-21T02:26:14
104346359,2021-04-20T21:26:35
104274584,2021-04-20T17:07:40
104443183,2021-04-21T04:02:06
104419553,2021-04-21T02:26:14
104346359,2021-04-20T21:26:35
104274584,2021-04-20T17:07:40
104443183,2021-04-21T04:02:06
104419553,2021-04-21T02:26:14
104346359,2021-04-20T21:26:35
104274584,2021-04-20T17:07:40
104443183,2021-04-21T04:02:06
104419553,2021-04-21T02:26:14
104346359,2021-04-20T21:26:35
104274584,2021-04-20T17:07:40
104443183,2021-04-21T04:02:06
104419553,2021-04-21T02:26:14
104346359,2021-04-20T21:26:35
104274584,2021-04-20T17:07:40
104443183,2021-04-21T04:02:06
104419553,2021-04-21T02:26:14
104346359,2021-04-20T21:26:35
104274584,2021-04-20T17:07:40
104443183,2021-04-21T04:02:06
104419553,2021-04-21T02:26:14
104346359,2021-04-20T21:26:35
104274584,2021-04-20T17:07:40
104443183,2021-04-21T04:02:06
104419553,2021-04-21T02:26:14
104346359,2021-04-20T21:26:35
104274584,2021-04-20T17:07:40
104443183,2021-04-21T04:02:06
104419553,2021-04-21T02:26:14
104346359,2021-04-20T21:26:35
104274584,2021-04-20T17:07:40
104443183,2021-04-21T04:02:06
104419553,2021-04-21T02:26:14
104346359,2021-04-20T21:26:35
104274584,2021-04-20T17:07:40
104443183,2021-04-21T04:02:06
104419553,2021-04-21T02:26:14
104346359,2021-04-20T21:26:35
104274584,2021-04-20T17:07:40
104443183,2021-04-21T04:02:06
104419553,2021-04-21T02:26:14
104346359,2021-04-20T21:26:35
104274584,2021-04-20T17:07:40
104443183,2021-04-21T04:02:06
104419553,2021-04-21T02:26:14
104346359,2021-04-20T21:26:35
104274584,2021-04-20T17:07:40
104443183,2021-04-21T04:02:06
104419553,2021-04-21T02:26:14
104346359,2021-04-20T21:26:35
104274584,2021-04-20T17:07:40
104443183,2021-04-21T04:02:06
104419553,2021-04-21T02:26:14
104346359,2021-04-20T21:26:35
104274584,2021-04-20T17:07:40
104443183,2021-04-21T04:02:06
104419553,2021-04-21T02:26:14
104346359,2021-04-20T21:26:35
104274584,2021-04-20T17:07:40
104443183,2021-04-21T04:02:06
104419553,2021-04-21T02:26:14
104346359,2021-04-20T21:26:35
104274584,2021-04-20T17:07:40
104443183,2021-04-21T04:02:06
104419553,2021-04-21T02:26:14
104346359,2021-04-20T21:26:35
104274584,2021-04-20T17:07:40
104443183,2021-04-21T04:02:06
104419553,2021-04-21T02:26:14
104346359,2021-04-20T21:26:35
104274584,2021-04-20T17:07:40
104443183,2021-04-21T04:02:06
104419553,2021-04-21T02:26:14
104346359,2021-04-20T21:26:35
104274584,2021-04-20T17:07:40
104443183,2021-04-21T04:02:06
104419553,2021-04-21T02:26:14
104346359,2021-04-20T21:26:35
104274584,2021-04-20T17:07:40
104443183,2021-04-21T04:02:06
104419553,2021-04-21T02:26:14
104346359,2021-04-20T21:26:35
104274584,2021-04-20T17:07:40
104443183,2021-04-21T04:02:06
104419553,2021-04-21T02:26:14
104346359,2021-04-20T21:26:35
104274584,2021-04-20T17:07:40
104443183,2021-04-21T04:02:06
104419553,2021-04-21T02:26:14
104346359,2021-04-20T21:26:35
104274584,2021-04-20T17:07:40
104443183,2021-04-21T04:02:06
104419553,2021-04-21T02:26:14
104346359,2021-04-20T21:26:35
104274584,2021-04-20T17:07:40
104443183,2021-04-21T04:02:06
104419553,2021-04-21T02:26:14
104346359,2021-04-20T21:26:35
104274584,2021-04-20T17:07:40
104443183,2021-04-21T04:02:06
104419553,2021-04-21T02:26:14
104346359,2021-04-20T21:26:35
104274584,2021-04-20T17:07:40
104443183,2021-04-21T04:02:06
104419553,2021-04-21T02:26:14
104346359,2021-04-20T21:26:35
104274584,2021-04-20T17:07:40
104443183,2021-04-21T04:02:06
104419553,2021-04-21T02:26:14
104346359,2021-04-20T21:26:35
104274584,2021-04-20T17:07:40
104443183,2021-04-21T04:02:06
104419553,2021-04-21T02:26:14
104346359,2021-04-20T21:26:35
104274584,2021-04-20T17:07:40
104443183,2021-04-21T04:02:06
104419553,2021-04-21T02:26:14
104346359,2021-04-20T21:26:35
104274584,2021-04-20T17:07:40
104443183,2021-04-21T04:02:06
104419553,2021-04-21T02:26:14
104346359,2021-04-20T21:26:35
104274584,2021-04-20T17:07:40
104443183,2021-04-21T04:02:06
104419553,2021-04-21T02:26:14
104346359,2021-04-20T21:26:35
104274584,2021-04-20T17:07:40
104443183,2021-04-21T04:02:06
104419553,2021-04-21T02:26:14
104346359,2021-04-20T21:26:35
104274584,2021-04-20T17:07:40
104443183,2021-04-21T04:02:06
104419553,2021-04-21T02:26:14
104346359,2021-04-20T21:26:35
104274584,2021-04-20T17:07:40
104443183,2021-04-21T04:02:06
104419553,2021-04-21T02:26:14
104346359,2021-04-20T21:26:35
104274584,2021-04-20T17:07:40
104443183,2021-04-21T04:02:06
104419553,2021-04-21T02:26:14
104346359,2021-04-20T21:26:35
104274584,2021-04-20T17:07:40
104443183,2021-04-21T04:02:06
104419553,2021-04-21T02:26:14
104346359,2021-04-20T21:26:35
104274584,2021-04-20T17:07:40
104443183,2021-04-21T04:02:06
104419553,2021-04-21T02:26:14
104346359,2021-04-20T21:26:35
104274584,2021-04-20T17:07:40
104443183,2021-04-21T04:02:06
104419553,2021-04-21T02:26:14
104346359,2021-04-20T21:26:35
104274584,2021-04-20T17:07:40
104443183,2021-04-21T04:02:06
104419553,2021-04-21T02:26:14
104346359,2021-04-20T21:26:35
104274584,2021-04-20T17:07:40
104443183,2021-04-21T04:02:06
104419553,2021-04-21T02:26:14
104346359,2021-04-20T21:26:35
104274584,2021-04-20T17:07:40
104443183,2021-04-21T04:02:06
104419553,2021-04-21T02:26:14
104346359,2021-04-20T21:26:35
104274584,2021-04-20T17:07:40
104443183,2021-04-21T04:02:06
104419553,2021-04-21T02:26:14
104346359,2021-04-20T21:26:35
104274584,2021-04-20T17:07:40
104443183,2021-04-21T04:02:06
104419553,2021-04-21T02:26:14
104346359,2021-04-20T21:26:35
104274584,2021-04-20T17:07:40
104443183,2021-04-21T04:02:06
104419553,2021-04-21T02:26:14
104346359,2021-04-20T21:26:35
104274584,2021-04-20T17:07:40
104443183,2021-04-21T04:02:06
104419553,2021-04-21T02:26:14
104346359,2021-04-20T21:26:35
104274584,2021-04-20T17:07:40
104443183,2021-04-21T04:02:06
104419553,2021-04-21T02:26:14
104346359,2021-04-20T21:26:35
104274584,2021-04-20T17:07:40
104443183,2021-04-21T04:02:06
104419553,2021-04-21T02:26:14
104346359,2021-04-20T21:26:35
104274584,2021-04-20T17:07:40
104443183,2021-04-21T04:02:06
104419553,2021-04-21T02:26:14
104346359,2021-04-20T21:26:35
104274584,2021-04-20T17:07:40
104443183,2021-04-21T04:02:06
104419553,2021-04-21T02:26:14
104346359,2021-04-20T21:26:35
104274584,2021-04-20T17:07:40
104443183,2021-04-21T04:02:06
104419553,2021-04-21T02:26:14
104346359,2021-04-20T21:26:35
104274584,2021-04-20T17:07:40
104443183,2021-04-21T04:02:06
104419553,2021-04-21T02:26:14
104346359,2021-04-20T21:26:35
104274584,2021-04-20T17:07:40
104443183,2021-04-21T04:02:06
104419553,2021-04-21T02:26:14
104346359,2021-04-20T21:26:35
104274584,2021-04-20T17:07:40
104443183,2021-04-21T04:02:06
104419553,2021-04-21T02:26:14
104346359,2021-04-20T21:26:35
104274584,2021-04-20T17:07:40
104443183,2021-04-21T04:02:06
104419553,2021-04-21T02:26:14
104346359,2021-04-20T21:26:35
104274584,2021-04-20T17:07:40
104443183,2021-04-21T04:02:06
104419553,2021-04-21T02:26:14
104346359,2021-04-20T21:26:35
104274584,2021-04-20T17:07:40
104443183,2021-04-21T04:02:06
104419553,2021-04-21T02:26:14
104346359,2021-04-20T21:26:35
104274584,2021-04-20T17:07:40
104443183,2021-04-21T04:02:06
104419553,2021-04-21T02:26:14
104346359,2021-04-20T21:26:35
104274584,2021-04-20T17:07:40
104443183,2021-04-21T04:02:06
104419553,2021-04-21T02:26:14
104346359,2021-04-20T21:26:35
104274584,2021-04-20T17:07:40
104443183,2021-04-21T04:02:06
104419553,2021-04-21T02:26:14
104346359,2021-04-20T21:26:35
104274584,2021-04-20T17:07:40
104443183,2021-04-21T04:02:06
104419553,2021-04-21T02:26:14
104346359,2021-04-20T21:26:35
104274584,2021-04-20T17:07:40
104443183,2021-04-21T04:02:06
104419553,2021-04-21T02:26:14
104346359,2021-04-20T21:26:35
104274584,2021-04-20T17:07:40
104443183,2021-04-21T04:02:06
104419553,2021-04-21T02:26:14
104346359,2021-04-20T21:26:35
104274584,2021-04-20T17:07:40
104443183,2021-04-21T04:02:06
104419553,2021-04-21T02:26:14
104346359,2021-04-20T21:26:35
104274584,2021-04-20T17:07:40
104443183,2021-04-21T04:02:06
104419553,2021-04-21T02:26:14
104346359,2021-04-20T21:26:35
104274584,2021-04-20T17:07:40
104443183,2021-04-21T04:02:06
104419553,2021-04-21T02:26:14
104346359,2021-04-20T21:26:35
104274584,2021-04-20T17:07:40
104443183,2021-04-21T04:02:06
104419553,2021-04-21T02:26:14
104346359,2021-04-20T21:26:35
104274584,2021-04-20T17:07:40
104443183,2021-04-21T04:02:06
104419553,2021-04-21T02:26:14
104346359,2021-04-20T21:26:35
104274584,2021-04-20T17:07:40
104443183,2021-04-21T04:02:06
104419553,2021-04-21T02:26:14
104346359,2021-04-20T21:26:35
104274584,2021-04-20T17:07:40
104443183,2021-04-21T04:02:06
104419553,2021-04-21T02:26:14
104346359,2021-04-20T21:26:35
104274584,2021-04-20T17:07:40
104443183,2021-04-21T04:02:06
104419553,2021-04-21T02:26:14
104346359,2021-04-20T21:26:35
104274584,2021-04-20T17:07:40
104443183,2021-04-21T04:02:06
104419553,2021-04-21T02:26:14
104346359,2021-04-20T21:26:35
104274584,2021-04-20T17:07:40
104443183,2021-04-21T04:02:06
104419553,2021-04-21T02:26:14
104346359,2021-04-20T21:26:35
104274584,2021-04-20T17:07:40
104443183,2021-04-21T04:02:06
104419553,2021-04-21T02:26:14
104346359,2021-04-20T21:26:35
104274584,2021-04-20T17:07:40
104443183,2021-04-21T04:02:06
104419553,2021-04-21T02:26:14
104346359,2021-04-20T21:26:35
104274584,2021-04-20T17:07:40
104443183,2021-04-21T04:02:06
104419553,2021-04-21T02:26:14
104346359,2021-04-20T21:26:35
104274584,2021-04-20T17:07:40
104443183,2021-04-21T04:02:06
104419553,2021-04-21T02:26:14
104346359,2021-04-20T21:26:35
104274584,2021-04-20T17:07:40
104443183,2021-04-21T04:02:06
104419553,2021-04-21T02:26:14
104346359,2021-04-20T21:26:35
104274584,2021-04-20T17:07:40
104443183,2021-04-21T04:02:06
104419553,2021-04-21T02:26:14
104346359,2021-04-20T21:26:35
104274584,2021-04-20T17:07:40
104443183,2021-04-21T04:02:06
104419553,2021-04-21T02:26:14
104346359,2021-04-20T21:26:35
104274584,2021-04-20T17:07:40
104443183,2021-04-21T04:02:06
104419553,2021-04-21T02:26:14
104346359,2021-04-20T21:26:35
104274584,2021-04-20T17:07:40
104443183,2021-04-21T04:02:06
104419553,2021-04-21T02:26:14
104346359,2021-04-20T21:26:35
104443183,2021-04-21T04:02:06
104419553,2021-04-21T02:26:14
104346359,2021-04-20T21:26:35
104443183,2021-04-21T04:02:06
104419553,2021-04-21T02:26:14
104346359,2021-04-20T21:26:35
104443183,2021-04-21T04:02:06
104419553,2021-04-21T02:26:14
104346359,2021-04-20T21:26:35
104443183,2021-04-21T04:02:06
104419553,2021-04-21T02:26:14
104346359,2021-04-20T21:26:35
104443183,2021-04-21T04:02:06
104419553,2021-04-21T02:26:14
104346359,2021-04-20T21:26:35
104443183,2021-04-21T04:02:06
104419553,2021-04-21T02:26:14
104346359,2021-04-20T21:26:35
104443183,2021-04-21T04:02:06
104419553,2021-04-21T02:26:14
104346359,2021-04-20T21:26:35
104443183,2021-04-21T04:02:06
104419553,2021-04-21T02:26:14
104346359,2021-04-20T21:26:35
104443183,2021-04-21T04:02:06
104419553,2021-04-21T02:26:14
104346359,2021-04-20T21:26:35
104443183,2021-04-21T04:02:06
104419553,2021-04-21T02:26:14
104346359,2021-04-20T21:26:35
104443183,2021-04-21T04:02:06
104419553,2021-04-21T02:26:14
104443183,2021-04-21T04:02:06
104419553,2021-04-21T02:26:14
104443183,2021-04-21T04:02:06
104419553,2021-04-21T02:26:14
104443183,2021-04-21T04:02:06
104419553,2021-04-21T02:26:14
104443183,2021-04-21T04:02:06
104419553,2021-04-21T02:26:14
104443183,2021-04-21T04:02:06
104419553,2021-04-21T02:26:14
104443183,2021-04-21T04:02:06
104419553,2021-04-21T02:26:14
104443183,2021-04-21T04:02:06
104419553,2021-04-21T02:26:14
104443183,2021-04-21T04:02:06
104419553,2021-04-21T02:26:14
104443183,2021-04-21T04:02:06
104419553,2021-04-21T02:26:14
104443183,2021-04-21T04:02:06
104419553,2021-04-21T02:26:14
104443183,2021-04-21T04:02:06
104419553,2021-04-21T02:26:14
104443183,2021-04-21T04:02:06
104419553,2021-04-21T02:26:14
104443183,2021-04-21T04:02:06
104443183,2021-04-21T04:02:06
106525659,2021-04-26T16:47:43
106525659,2021-04-26T16:47:43
106525659,2021-04-26T16:47:43
106525659,2021-04-26T16:47:43
106525659,2021-04-26T16:47:43
106525659,2021-04-26T16:47:43
106525659,2021-04-26T16:47:43
106525659,2021-04-26T16:47:43
106525659,2021-04-26T16:47:43
106525659,2021-04-26T16:47:43
106525659,2021-04-26T16:47:43
106525659,2021-04-26T16:47:43
106525659,2021-04-26T16:47:43
106525659,2021-04-26T16:47:43
106525659,2021-04-26T16:47:43
106525659,2021-04-26T16:47:43
106525659,2021-04-26T16:47:43
106525659,2021-04-26T16:47:43
106525659,2021-04-26T16:47:43
106525659,2021-04-26T16:47:43
106525659,2021-04-26T16:47:43
106525659,2021-04-26T16:47:43
106525659,2021-04-26T16:47:43
106525659,2021-04-26T16:47:43
106525659,2021-04-26T16:47:43
106525659,2021-04-26T16:47:43
106525659,2021-04-26T16:47:43
106525659,2021-04-26T16:47:43
106525659,2021-04-26T16:47:43
106525659,2021-04-26T16:47:43
106525659,2021-04-26T16:47:43
106525659,2021-04-26T16:47:43
106525659,2021-04-26T16:47:43
106525659,2021-04-26T16:47:43
106525659,2021-04-26T16:47:43
106525659,2021-04-26T16:47:43
106525659,2021-04-26T16:47:43
106525659,2021-04-26T16:47:43
106525659,2021-04-26T16:47:43
106525659,2021-04-26T16:47:43
106525659,2021-04-26T16:47:43
106525659,2021-04-26T16:47:43
106525659,2021-04-26T16:47:43
106525659,2021-04-26T16:47:43
106525659,2021-04-26T16:47:43
106525659,2021-04-26T16:47:43
106525659,2021-04-26T16:47:43
106525659,2021-04-26T16:47:43
106525659,2021-04-26T16:47:43
106525659,2021-04-26T16:47:43
106525659,2021-04-26T16:47:43
106525659,2021-04-26T16:47:43
106525659,2021-04-26T16:47:43
106525659,2021-04-26T16:47:43
106525659,2021-04-26T16:47:43
106525659,2021-04-26T16:47:43
106525659,2021-04-26T16:47:43
106525659,2021-04-26T16:47:43
106525659,2021-04-26T16:47:43
106525659,2021-04-26T16:47:43
106525659,2021-04-26T16:47:43
106525659,2021-04-26T16:47:43
106525659,2021-04-26T16:47:43
106525659,2021-04-26T16:47:43
106525659,2021-04-26T16:47:43
106525659,2021-04-26T16:47:43
106525659,2021-04-26T16:47:43
106525659,2021-04-26T16:47:43
106525659,2021-04-26T16:47:43
106525659,2021-04-26T16:47:43
106525659,2021-04-26T16:47:43
106525659,2021-04-26T16:47:43
106525659,2021-04-26T16:47:43
106525659,2021-04-26T16:47:43
106525659,2021-04-26T16:47:43
106525659,2021-04-26T16:47:43
106525659,2021-04-26T16:47:43
106525659,2021-04-26T16:47:43
106525659,2021-04-26T16:47:43
106525659,2021-04-26T16:47:43
106525659,2021-04-26T16:47:43
106525659,2021-04-26T16:47:43
106525659,2021-04-26T16:47:43
106525659,2021-04-26T16:47:43
106525659,2021-04-26T16:47:43
106525659,2021-04-26T16:47:43
106525659,2021-04-26T16:47:43
106525659,2021-04-26T16:47:43
106525659,2021-04-26T16:47:43
106525659,2021-04-26T16:47:43
106525659,2021-04-26T16:47:43
106525659,2021-04-26T16:47:43
106525659,2021-04-26T16:47:43
106525659,2021-04-26T16:47:43
106525659,2021-04-26T16:47:43
106525659,2021-04-26T16:47:43
106525659,2021-04-26T16:47:43
106525659,2021-04-26T16:47:43
106525659,2021-04-26T16:47:43
106525659,2021-04-26T16:47:43
106525659,2021-04-26T16:47:43
106525659,2021-04-26T16:47:43
106525659,2021-04-26T16:47:43
106525659,2021-04-26T16:47:43
106525659,2021-04-26T16:47:43
106525659,2021-04-26T16:47:43
106525659,2021-04-26T16:47:43
106525659,2021-04-26T16:47:43
106525659,2021-04-26T16:47:43
106525659,2021-04-26T16:47:43
106525659,2021-04-26T16:47:43
106525659,2021-04-26T16:47:43
106525659,2021-04-26T16:47:43
107379414,2021-04-28T17:51:08
106525659,2021-04-26T16:47:43
107379414,2021-04-28T17:51:08
106525659,2021-04-26T16:47:43
107379414,2021-04-28T17:51:08
106525659,2021-04-26T16:47:43
107379414,2021-04-28T17:51:08
106525659,2021-04-26T16:47:43
107379414,2021-04-28T17:51:08
106525659,2021-04-26T16:47:43
107379414,2021-04-28T17:51:08
106525659,2021-04-26T16:47:43
107379414,2021-04-28T17:51:08
106525659,2021-04-26T16:47:43
107379414,2021-04-28T17:51:08
106525659,2021-04-26T16:47:43
107379414,2021-04-28T17:51:08
106525659,2021-04-26T16:47:43
107379414,2021-04-28T17:51:08
106525659,2021-04-26T16:47:43
107379414,2021-04-28T17:51:08
106525659,2021-04-26T16:47:43
107379414,2021-04-28T17:51:08
106525659,2021-04-26T16:47:43
107379414,2021-04-28T17:51:08
106525659,2021-04-26T16:47:43
107461575,2021-04-28T22:21:18
107379414,2021-04-28T17:51:08
106525659,2021-04-26T16:47:43
107461575,2021-04-28T22:21:18
107379414,2021-04-28T17:51:08
106525659,2021-04-26T16:47:43
107461575,2021-04-28T22:21:18
107379414,2021-04-28T17:51:08
106525659,2021-04-26T16:47:43
107475633,2021-04-28T23:11:24
107461575,2021-04-28T22:21:18
107379414,2021-04-28T17:51:08
106525659,2021-04-26T16:47:43
107475633,2021-04-28T23:11:24
107461575,2021-04-28T22:21:18
107379414,2021-04-28T17:51:08
106525659,2021-04-26T16:47:43
107475633,2021-04-28T23:11:24
107461575,2021-04-28T22:21:18
107379414,2021-04-28T17:51:08
106525659,2021-04-26T16:47:43
107489828,2021-04-29T00:02:11
107475633,2021-04-28T23:11:24
107461575,2021-04-28T22:21:18
107379414,2021-04-28T17:51:08
106525659,2021-04-26T16:47:43
107489828,2021-04-29T00:02:11
107475633,2021-04-28T23:11:24
107461575,2021-04-28T22:21:18
107379414,2021-04-28T17:51:08
106525659,2021-04-26T16:47:43
107489828,2021-04-29T00:02:11
107475633,2021-04-28T23:11:24
107461575,2021-04-28T22:21:18
107379414,2021-04-28T17:51:08
106525659,2021-04-26T16:47:43
107489828,2021-04-29T00:02:11
107475633,2021-04-28T23:11:24
107461575,2021-04-28T22:21:18
107379414,2021-04-28T17:51:08
106525659,2021-04-26T16:47:43
107489828,2021-04-29T00:02:11
107475633,2021-04-28T23:11:24
107461575,2021-04-28T22:21:18
107379414,2021-04-28T17:51:08
106525659,2021-04-26T16:47:43
107489828,2021-04-29T00:02:11
107475633,2021-04-28T23:11:24
107461575,2021-04-28T22:21:18
107379414,2021-04-28T17:51:08
106525659,2021-04-26T16:47:43
107489828,2021-04-29T00:02:11
107475633,2021-04-28T23:11:24
107461575,2021-04-28T22:21:18
107379414,2021-04-28T17:51:08
106525659,2021-04-26T16:47:43
107489828,2021-04-29T00:02:11
107475633,2021-04-28T23:11:24
107461575,2021-04-28T22:21:18
107379414,2021-04-28T17:51:08
106525659,2021-04-26T16:47:43
107489828,2021-04-29T00:02:11
107475633,2021-04-28T23:11:24
107461575,2021-04-28T22:21:18
107379414,2021-04-28T17:51:08
106525659,2021-04-26T16:47:43
107489828,2021-04-29T00:02:11
107475633,2021-04-28T23:11:24
107461575,2021-04-28T22:21:18
107379414,2021-04-28T17:51:08
106525659,2021-04-26T16:47:43
107489828,2021-04-29T00:02:11
107475633,2021-04-28T23:11:24
107461575,2021-04-28T22:21:18
107379414,2021-04-28T17:51:08
106525659,2021-04-26T16:47:43
107489828,2021-04-29T00:02:11
107475633,2021-04-28T23:11:24
107461575,2021-04-28T22:21:18
107379414,2021-04-28T17:51:08
106525659,2021-04-26T16:47:43
107489828,2021-04-29T00:02:11
107475633,2021-04-28T23:11:24
107461575,2021-04-28T22:21:18
107379414,2021-04-28T17:51:08
106525659,2021-04-26T16:47:43
107489828,2021-04-29T00:02:11
107475633,2021-04-28T23:11:24
107461575,2021-04-28T22:21:18
107379414,2021-04-28T17:51:08
106525659,2021-04-26T16:47:43
107489828,2021-04-29T00:02:11
107475633,2021-04-28T23:11:24
107461575,2021-04-28T22:21:18
107379414,2021-04-28T17:51:08
106525659,2021-04-26T16:47:43
107489828,2021-04-29T00:02:11
107475633,2021-04-28T23:11:24
107461575,2021-04-28T22:21:18
107379414,2021-04-28T17:51:08
106525659,2021-04-26T16:47:43
107489828,2021-04-29T00:02:11
107475633,2021-04-28T23:11:24
107461575,2021-04-28T22:21:18
107379414,2021-04-28T17:51:08
106525659,2021-04-26T16:47:43
107489828,2021-04-29T00:02:11
107475633,2021-04-28T23:11:24
107461575,2021-04-28T22:21:18
107379414,2021-04-28T17:51:08
106525659,2021-04-26T16:47:43
107489828,2021-04-29T00:02:11
107475633,2021-04-28T23:11:24
107461575,2021-04-28T22:21:18
107379414,2021-04-28T17:51:08
106525659,2021-04-26T16:47:43
107489828,2021-04-29T00:02:11
107475633,2021-04-28T23:11:24
107461575,2021-04-28T22:21:18
107379414,2021-04-28T17:51:08
106525659,2021-04-26T16:47:43
107489828,2021-04-29T00:02:11
107475633,2021-04-28T23:11:24
107461575,2021-04-28T22:21:18
107379414,2021-04-28T17:51:08
106525659,2021-04-26T16:47:43
107489828,2021-04-29T00:02:11
107475633,2021-04-28T23:11:24
107461575,2021-04-28T22:21:18
107379414,2021-04-28T17:51:08
106525659,2021-04-26T16:47:43
107489828,2021-04-29T00:02:11
107475633,2021-04-28T23:11:24
107461575,2021-04-28T22:21:18
107379414,2021-04-28T17:51:08
106525659,2021-04-26T16:47:43
107489828,2021-04-29T00:02:11
107475633,2021-04-28T23:11:24
107461575,2021-04-28T22:21:18
107379414,2021-04-28T17:51:08
106525659,2021-04-26T16:47:43
107489828,2021-04-29T00:02:11
107475633,2021-04-28T23:11:24
107461575,2021-04-28T22:21:18
107379414,2021-04-28T17:51:08
106525659,2021-04-26T16:47:43
107489828,2021-04-29T00:02:11
107475633,2021-04-28T23:11:24
107461575,2021-04-28T22:21:18
107379414,2021-04-28T17:51:08
106525659,2021-04-26T16:47:43
107489828,2021-04-29T00:02:11
107475633,2021-04-28T23:11:24
107461575,2021-04-28T22:21:18
107379414,2021-04-28T17:51:08
106525659,2021-04-26T16:47:43
107489828,2021-04-29T00:02:11
107475633,2021-04-28T23:11:24
107461575,2021-04-28T22:21:18
107379414,2021-04-28T17:51:08
106525659,2021-04-26T16:47:43
107489828,2021-04-29T00:02:11
107475633,2021-04-28T23:11:24
107461575,2021-04-28T22:21:18
107379414,2021-04-28T17:51:08
106525659,2021-04-26T16:47:43
107489828,2021-04-29T00:02:11
107475633,2021-04-28T23:11:24
107461575,2021-04-28T22:21:18
107379414,2021-04-28T17:51:08
106525659,2021-04-26T16:47:43
107489828,2021-04-29T00:02:11
107475633,2021-04-28T23:11:24
107461575,2021-04-28T22:21:18
107379414,2021-04-28T17:51:08
106525659,2021-04-26T16:47:43
107489828,2021-04-29T00:02:11
107475633,2021-04-28T23:11:24
107461575,2021-04-28T22:21:18
107379414,2021-04-28T17:51:08
106525659,2021-04-26T16:47:43
107489828,2021-04-29T00:02:11
107475633,2021-04-28T23:11:24
107461575,2021-04-28T22:21:18
107379414,2021-04-28T17:51:08
106525659,2021-04-26T16:47:43
107489828,2021-04-29T00:02:11
107475633,2021-04-28T23:11:24
107461575,2021-04-28T22:21:18
107379414,2021-04-28T17:51:08
106525659,2021-04-26T16:47:43
107489828,2021-04-29T00:02:11
107475633,2021-04-28T23:11:24
107461575,2021-04-28T22:21:18
107379414,2021-04-28T17:51:08
106525659,2021-04-26T16:47:43
107489828,2021-04-29T00:02:11
107475633,2021-04-28T23:11:24
107461575,2021-04-28T22:21:18
107379414,2021-04-28T17:51:08
106525659,2021-04-26T16:47:43
107489828,2021-04-29T00:02:11
107475633,2021-04-28T23:11:24
107461575,2021-04-28T22:21:18
107379414,2021-04-28T17:51:08
106525659,2021-04-26T16:47:43
107489828,2021-04-29T00:02:11
107475633,2021-04-28T23:11:24
107461575,2021-04-28T22:21:18
107379414,2021-04-28T17:51:08
106525659,2021-04-26T16:47:43
107489828,2021-04-29T00:02:11
107475633,2021-04-28T23:11:24
107461575,2021-04-28T22:21:18
107379414,2021-04-28T17:51:08
106525659,2021-04-26T16:47:43
107489828,2021-04-29T00:02:11
107475633,2021-04-28T23:11:24
107461575,2021-04-28T22:21:18
107379414,2021-04-28T17:51:08
106525659,2021-04-26T16:47:43
107489828,2021-04-29T00:02:11
107475633,2021-04-28T23:11:24
107461575,2021-04-28T22:21:18
107379414,2021-04-28T17:51:08
106525659,2021-04-26T16:47:43
107489828,2021-04-29T00:02:11
107475633,2021-04-28T23:11:24
107461575,2021-04-28T22:21:18
107379414,2021-04-28T17:51:08
106525659,2021-04-26T16:47:43
107489828,2021-04-29T00:02:11
107475633,2021-04-28T23:11:24
107461575,2021-04-28T22:21:18
107379414,2021-04-28T17:51:08
106525659,2021-04-26T16:47:43
107489828,2021-04-29T00:02:11
107475633,2021-04-28T23:11:24
107461575,2021-04-28T22:21:18
107379414,2021-04-28T17:51:08
106525659,2021-04-26T16:47:43
107489828,2021-04-29T00:02:11
107475633,2021-04-28T23:11:24
107461575,2021-04-28T22:21:18
107379414,2021-04-28T17:51:08
106525659,2021-04-26T16:47:43
107489828,2021-04-29T00:02:11
107475633,2021-04-28T23:11:24
107461575,2021-04-28T22:21:18
107379414,2021-04-28T17:51:08
106525659,2021-04-26T16:47:43
107489828,2021-04-29T00:02:11
107475633,2021-04-28T23:11:24
107461575,2021-04-28T22:21:18
107379414,2021-04-28T17:51:08
106525659,2021-04-26T16:47:43
107489828,2021-04-29T00:02:11
107475633,2021-04-28T23:11:24
107461575,2021-04-28T22:21:18
107379414,2021-04-28T17:51:08
106525659,2021-04-26T16:47:43
107489828,2021-04-29T00:02:11
107475633,2021-04-28T23:11:24
107461575,2021-04-28T22:21:18
107379414,2021-04-28T17:51:08
106525659,2021-04-26T16:47:43
107489828,2021-04-29T00:02:11
107475633,2021-04-28T23:11:24
107461575,2021-04-28T22:21:18
107379414,2021-04-28T17:51:08
106525659,2021-04-26T16:47:43
107489828,2021-04-29T00:02:11
107475633,2021-04-28T23:11:24
107461575,2021-04-28T22:21:18
107379414,2021-04-28T17:51:08
106525659,2021-04-26T16:47:43
107489828,2021-04-29T00:02:11
107475633,2021-04-28T23:11:24
107461575,2021-04-28T22:21:18
107379414,2021-04-28T17:51:08
106525659,2021-04-26T16:47:43
107489828,2021-04-29T00:02:11
107475633,2021-04-28T23:11:24
107461575,2021-04-28T22:21:18
107379414,2021-04-28T17:51:08
106525659,2021-04-26T16:47:43
107489828,2021-04-29T00:02:11
107475633,2021-04-28T23:11:24
107461575,2021-04-28T22:21:18
107379414,2021-04-28T17:51:08
106525659,2021-04-26T16:47:43
107489828,2021-04-29T00:02:11
107475633,2021-04-28T23:11:24
107461575,2021-04-28T22:21:18
107379414,2021-04-28T17:51:08
106525659,2021-04-26T16:47:43
107489828,2021-04-29T00:02:11
107475633,2021-04-28T23:11:24
107461575,2021-04-28T22:21:18
107379414,2021-04-28T17:51:08
106525659,2021-04-26T16:47:43
107489828,2021-04-29T00:02:11
107475633,2021-04-28T23:11:24
107461575,2021-04-28T22:21:18
107379414,2021-04-28T17:51:08
106525659,2021-04-26T16:47:43
107489828,2021-04-29T00:02:11
107475633,2021-04-28T23:11:24
107461575,2021-04-28T22:21:18
107379414,2021-04-28T17:51:08
106525659,2021-04-26T16:47:43
107489828,2021-04-29T00:02:11
107475633,2021-04-28T23:11:24
107461575,2021-04-28T22:21:18
107379414,2021-04-28T17:51:08
106525659,2021-04-26T16:47:43
107489828,2021-04-29T00:02:11
107475633,2021-04-28T23:11:24
107461575,2021-04-28T22:21:18
107379414,2021-04-28T17:51:08
106525659,2021-04-26T16:47:43
107489828,2021-04-29T00:02:11
107475633,2021-04-28T23:11:24
107461575,2021-04-28T22:21:18
107379414,2021-04-28T17:51:08
106525659,2021-04-26T16:47:43
107489828,2021-04-29T00:02:11
107475633,2021-04-28T23:11:24
107461575,2021-04-28T22:21:18
107379414,2021-04-28T17:51:08
106525659,2021-04-26T16:47:43
107489828,2021-04-29T00:02:11
107475633,2021-04-28T23:11:24
107461575,2021-04-28T22:21:18
107379414,2021-04-28T17:51:08
106525659,2021-04-26T16:47:43
107489828,2021-04-29T00:02:11
107475633,2021-04-28T23:11:24
107461575,2021-04-28T22:21:18
107379414,2021-04-28T17:51:08
106525659,2021-04-26T16:47:43
107489828,2021-04-29T00:02:11
107475633,2021-04-28T23:11:24
107461575,2021-04-28T22:21:18
107379414,2021-04-28T17:51:08
106525659,2021-04-26T16:47:43
107489828,2021-04-29T00:02:11
107475633,2021-04-28T23:11:24
107461575,2021-04-28T22:21:18
107379414,2021-04-28T17:51:08
106525659,2021-04-26T16:47:43
107489828,2021-04-29T00:02:11
107475633,2021-04-28T23:11:24
107461575,2021-04-28T22:21:18
107379414,2021-04-28T17:51:08
106525659,2021-04-26T16:47:43
107489828,2021-04-29T00:02:11
107475633,2021-04-28T23:11:24
107461575,2021-04-28T22:21:18
107379414,2021-04-28T17:51:08
106525659,2021-04-26T16:47:43
107489828,2021-04-29T00:02:11
107475633,2021-04-28T23:11:24
107461575,2021-04-28T22:21:18
107379414,2021-04-28T17:51:08
106525659,2021-04-26T16:47:43
107489828,2021-04-29T00:02:11
107475633,2021-04-28T23:11:24
107461575,2021-04-28T22:21:18
107379414,2021-04-28T17:51:08
106525659,2021-04-26T16:47:43
107489828,2021-04-29T00:02:11
107475633,2021-04-28T23:11:24
107461575,2021-04-28T22:21:18
107379414,2021-04-28T17:51:08
106525659,2021-04-26T16:47:43
107489828,2021-04-29T00:02:11
107475633,2021-04-28T23:11:24
107461575,2021-04-28T22:21:18
107379414,2021-04-28T17:51:08
106525659,2021-04-26T16:47:43
107489828,2021-04-29T00:02:11
107475633,2021-04-28T23:11:24
107461575,2021-04-28T22:21:18
107379414,2021-04-28T17:51:08
106525659,2021-04-26T16:47:43
107489828,2021-04-29T00:02:11
107475633,2021-04-28T23:11:24
107461575,2021-04-28T22:21:18
107379414,2021-04-28T17:51:08
106525659,2021-04-26T16:47:43
107489828,2021-04-29T00:02:11
107475633,2021-04-28T23:11:24
107461575,2021-04-28T22:21:18
107379414,2021-04-28T17:51:08
106525659,2021-04-26T16:47:43
107489828,2021-04-29T00:02:11
107475633,2021-04-28T23:11:24
107461575,2021-04-28T22:21:18
107379414,2021-04-28T17:51:08
106525659,2021-04-26T16:47:43
107489828,2021-04-29T00:02:11
107475633,2021-04-28T23:11:24
107461575,2021-04-28T22:21:18
107379414,2021-04-28T17:51:08
106525659,2021-04-26T16:47:43
107489828,2021-04-29T00:02:11
107475633,2021-04-28T23:11:24
107461575,2021-04-28T22:21:18
107379414,2021-04-28T17:51:08
106525659,2021-04-26T16:47:43
107489828,2021-04-29T00:02:11
107475633,2021-04-28T23:11:24
107461575,2021-04-28T22:21:18
107379414,2021-04-28T17:51:08
106525659,2021-04-26T16:47:43
107489828,2021-04-29T00:02:11
107475633,2021-04-28T23:11:24
107461575,2021-04-28T22:21:18
107379414,2021-04-28T17:51:08
106525659,2021-04-26T16:47:43
107489828,2021-04-29T00:02:11
107475633,2021-04-28T23:11:24
107461575,2021-04-28T22:21:18
107379414,2021-04-28T17:51:08
106525659,2021-04-26T16:47:43
107489828,2021-04-29T00:02:11
107475633,2021-04-28T23:11:24
107461575,2021-04-28T22:21:18
107379414,2021-04-28T17:51:08
106525659,2021-04-26T16:47:43
107489828,2021-04-29T00:02:11
107475633,2021-04-28T23:11:24
107461575,2021-04-28T22:21:18
107379414,2021-04-28T17:51:08
106525659,2021-04-26T16:47:43
107489828,2021-04-29T00:02:11
107475633,2021-04-28T23:11:24
107461575,2021-04-28T22:21:18
107379414,2021-04-28T17:51:08
106525659,2021-04-26T16:47:43
107489828,2021-04-29T00:02:11
107475633,2021-04-28T23:11:24
107461575,2021-04-28T22:21:18
107379414,2021-04-28T17:51:08
106525659,2021-04-26T16:47:43
107489828,2021-04-29T00:02:11
107475633,2021-04-28T23:11:24
107461575,2021-04-28T22:21:18
107379414,2021-04-28T17:51:08
106525659,2021-04-26T16:47:43
107489828,2021-04-29T00:02:11
107475633,2021-04-28T23:11:24
107461575,2021-04-28T22:21:18
107379414,2021-04-28T17:51:08
106525659,2021-04-26T16:47:43
107489828,2021-04-29T00:02:11
107475633,2021-04-28T23:11:24
107461575,2021-04-28T22:21:18
107379414,2021-04-28T17:51:08
106525659,2021-04-26T16:47:43
107489828,2021-04-29T00:02:11
107475633,2021-04-28T23:11:24
107461575,2021-04-28T22:21:18
107379414,2021-04-28T17:51:08
106525659,2021-04-26T16:47:43
107489828,2021-04-29T00:02:11
107475633,2021-04-28T23:11:24
107461575,2021-04-28T22:21:18
107379414,2021-04-28T17:51:08
106525659,2021-04-26T16:47:43
107489828,2021-04-29T00:02:11
107475633,2021-04-28T23:11:24
107461575,2021-04-28T22:21:18
107379414,2021-04-28T17:51:08
106525659,2021-04-26T16:47:43
107489828,2021-04-29T00:02:11
107475633,2021-04-28T23:11:24
107461575,2021-04-28T22:21:18
107379414,2021-04-28T17:51:08
106525659,2021-04-26T16:47:43
107489828,2021-04-29T00:02:11
107475633,2021-04-28T23:11:24
107461575,2021-04-28T22:21:18
107379414,2021-04-28T17:51:08
106525659,2021-04-26T16:47:43
107489828,2021-04-29T00:02:11
107475633,2021-04-28T23:11:24
107461575,2021-04-28T22:21:18
107379414,2021-04-28T17:51:08
106525659,2021-04-26T16:47:43
107489828,2021-04-29T00:02:11
107475633,2021-04-28T23:11:24
107461575,2021-04-28T22:21:18
107379414,2021-04-28T17:51:08
106525659,2021-04-26T16:47:43
107489828,2021-04-29T00:02:11
107475633,2021-04-28T23:11:24
107461575,2021-04-28T22:21:18
107379414,2021-04-28T17:51:08
106525659,2021-04-26T16:47:43
107489828,2021-04-29T00:02:11
107475633,2021-04-28T23:11:24
107461575,2021-04-28T22:21:18
107379414,2021-04-28T17:51:08
106525659,2021-04-26T16:47:43
107489828,2021-04-29T00:02:11
107475633,2021-04-28T23:11:24
107461575,2021-04-28T22:21:18
107379414,2021-04-28T17:51:08
106525659,2021-04-26T16:47:43
107489828,2021-04-29T00:02:11
107475633,2021-04-28T23:11:24
107461575,2021-04-28T22:21:18
107379414,2021-04-28T17:51:08
106525659,2021-04-26T16:47:43
107489828,2021-04-29T00:02:11
107475633,2021-04-28T23:11:24
107461575,2021-04-28T22:21:18
107379414,2021-04-28T17:51:08
106525659,2021-04-26T16:47:43
107489828,2021-04-29T00:02:11
107475633,2021-04-28T23:11:24
107461575,2021-04-28T22:21:18
107379414,2021-04-28T17:51:08
106525659,2021-04-26T16:47:43
107489828,2021-04-29T00:02:11
107475633,2021-04-28T23:11:24
107461575,2021-04-28T22:21:18
107379414,2021-04-28T17:51:08
106525659,2021-04-26T16:47:43
107489828,2021-04-29T00:02:11
107475633,2021-04-28T23:11:24
107461575,2021-04-28T22:21:18
107379414,2021-04-28T17:51:08
106525659,2021-04-26T16:47:43
107489828,2021-04-29T00:02:11
107475633,2021-04-28T23:11:24
107461575,2021-04-28T22:21:18
107379414,2021-04-28T17:51:08
106525659,2021-04-26T16:47:43
107489828,2021-04-29T00:02:11
107475633,2021-04-28T23:11:24
107461575,2021-04-28T22:21:18
107379414,2021-04-28T17:51:08
106525659,2021-04-26T16:47:43
107489828,2021-04-29T00:02:11
107475633,2021-04-28T23:11:24
107461575,2021-04-28T22:21:18
107379414,2021-04-28T17:51:08
106525659,2021-04-26T16:47:43
107489828,2021-04-29T00:02:11
107475633,2021-04-28T23:11:24
107461575,2021-04-28T22:21:18
107379414,2021-04-28T17:51:08
106525659,2021-04-26T16:47:43
107489828,2021-04-29T00:02:11
107475633,2021-04-28T23:11:24
107461575,2021-04-28T22:21:18
107379414,2021-04-28T17:51:08
106525659,2021-04-26T16:47:43
107489828,2021-04-29T00:02:11
107475633,2021-04-28T23:11:24
107461575,2021-04-28T22:21:18
107379414,2021-04-28T17:51:08
106525659,2021-04-26T16:47:43
107489828,2021-04-29T00:02:11
107475633,2021-04-28T23:11:24
107461575,2021-04-28T22:21:18
107379414,2021-04-28T17:51:08
106525659,2021-04-26T16:47:43
107489828,2021-04-29T00:02:11
107475633,2021-04-28T23:11:24
107461575,2021-04-28T22:21:18
107379414,2021-04-28T17:51:08
106525659,2021-04-26T16:47:43
107489828,2021-04-29T00:02:11
107475633,2021-04-28T23:11:24
107461575,2021-04-28T22:21:18
107379414,2021-04-28T17:51:08
106525659,2021-04-26T16:47:43
107489828,2021-04-29T00:02:11
107475633,2021-04-28T23:11:24
107461575,2021-04-28T22:21:18
107379414,2021-04-28T17:51:08
106525659,2021-04-26T16:47:43
107489828,2021-04-29T00:02:11
107475633,2021-04-28T23:11:24
107461575,2021-04-28T22:21:18
107379414,2021-04-28T17:51:08
106525659,2021-04-26T16:47:43
107489828,2021-04-29T00:02:11
107475633,2021-04-28T23:11:24
107461575,2021-04-28T22:21:18
107379414,2021-04-28T17:51:08
106525659,2021-04-26T16:47:43
107489828,2021-04-29T00:02:11
107475633,2021-04-28T23:11:24
107461575,2021-04-28T22:21:18
107379414,2021-04-28T17:51:08
106525659,2021-04-26T16:47:43
107489828,2021-04-29T00:02:11
107475633,2021-04-28T23:11:24
107461575,2021-04-28T22:21:18
107379414,2021-04-28T17:51:08
106525659,2021-04-26T16:47:43
107489828,2021-04-29T00:02:11
107475633,2021-04-28T23:11:24
107461575,2021-04-28T22:21:18
107379414,2021-04-28T17:51:08
106525659,2021-04-26T16:47:43
107489828,2021-04-29T00:02:11
107475633,2021-04-28T23:11:24
107461575,2021-04-28T22:21:18
107379414,2021-04-28T17:51:08
106525659,2021-04-26T16:47:43
107489828,2021-04-29T00:02:11
107475633,2021-04-28T23:11:24
107461575,2021-04-28T22:21:18
107379414,2021-04-28T17:51:08
106525659,2021-04-26T16:47:43
107489828,2021-04-29T00:02:11
107475633,2021-04-28T23:11:24
107461575,2021-04-28T22:21:18
107379414,2021-04-28T17:51:08
106525659,2021-04-26T16:47:43
107489828,2021-04-29T00:02:11
107475633,2021-04-28T23:11:24
107461575,2021-04-28T22:21:18
107379414,2021-04-28T17:51:08
106525659,2021-04-26T16:47:43
107489828,2021-04-29T00:02:11
107475633,2021-04-28T23:11:24
107461575,2021-04-28T22:21:18
107379414,2021-04-28T17:51:08
106525659,2021-04-26T16:47:43
107489828,2021-04-29T00:02:11
107475633,2021-04-28T23:11:24
107461575,2021-04-28T22:21:18
107379414,2021-04-28T17:51:08
106525659,2021-04-26T16:47:43
107489828,2021-04-29T00:02:11
107475633,2021-04-28T23:11:24
107461575,2021-04-28T22:21:18
107379414,2021-04-28T17:51:08
106525659,2021-04-26T16:47:43
107489828,2021-04-29T00:02:11
107475633,2021-04-28T23:11:24
107461575,2021-04-28T22:21:18
107379414,2021-04-28T17:51:08
106525659,2021-04-26T16:47:43
107489828,2021-04-29T00:02:11
107475633,2021-04-28T23:11:24
107461575,2021-04-28T22:21:18
107379414,2021-04-28T17:51:08
106525659,2021-04-26T16:47:43
107489828,2021-04-29T00:02:11
107475633,2021-04-28T23:11:24
107461575,2021-04-28T22:21:18
107379414,2021-04-28T17:51:08
106525659,2021-04-26T16:47:43
107489828,2021-04-29T00:02:11
107475633,2021-04-28T23:11:24
107461575,2021-04-28T22:21:18
107379414,2021-04-28T17:51:08
106525659,2021-04-26T16:47:43
107489828,2021-04-29T00:02:11
107475633,2021-04-28T23:11:24
107461575,2021-04-28T22:21:18
107379414,2021-04-28T17:51:08
106525659,2021-04-26T16:47:43
107489828,2021-04-29T00:02:11
107475633,2021-04-28T23:11:24
107461575,2021-04-28T22:21:18
107379414,2021-04-28T17:51:08
106525659,2021-04-26T16:47:43
107489828,2021-04-29T00:02:11
107475633,2021-04-28T23:11:24
107461575,2021-04-28T22:21:18
107379414,2021-04-28T17:51:08
106525659,2021-04-26T16:47:43
107489828,2021-04-29T00:02:11
107475633,2021-04-28T23:11:24
107461575,2021-04-28T22:21:18
107379414,2021-04-28T17:51:08
106525659,2021-04-26T16:47:43
107489828,2021-04-29T00:02:11
107475633,2021-04-28T23:11:24
107461575,2021-04-28T22:21:18
107379414,2021-04-28T17:51:08
106525659,2021-04-26T16:47:43
107489828,2021-04-29T00:02:11
107475633,2021-04-28T23:11:24
107461575,2021-04-28T22:21:18
107379414,2021-04-28T17:51:08
106525659,2021-04-26T16:47:43
107489828,2021-04-29T00:02:11
107475633,2021-04-28T23:11:24
107461575,2021-04-28T22:21:18
107379414,2021-04-28T17:51:08
106525659,2021-04-26T16:47:43
107489828,2021-04-29T00:02:11
107475633,2021-04-28T23:11:24
107461575,2021-04-28T22:21:18
107379414,2021-04-28T17:51:08
106525659,2021-04-26T16:47:43
107489828,2021-04-29T00:02:11
107475633,2021-04-28T23:11:24
107461575,2021-04-28T22:21:18
107379414,2021-04-28T17:51:08
106525659,2021-04-26T16:47:43
107489828,2021-04-29T00:02:11
107475633,2021-04-28T23:11:24
107461575,2021-04-28T22:21:18
107379414,2021-04-28T17:51:08
106525659,2021-04-26T16:47:43
107489828,2021-04-29T00:02:11
107475633,2021-04-28T23:11:24
107461575,2021-04-28T22:21:18
107379414,2021-04-28T17:51:08
106525659,2021-04-26T16:47:43
107489828,2021-04-29T00:02:11
107475633,2021-04-28T23:11:24
107461575,2021-04-28T22:21:18
107379414,2021-04-28T17:51:08
106525659,2021-04-26T16:47:43
107489828,2021-04-29T00:02:11
107475633,2021-04-28T23:11:24
107461575,2021-04-28T22:21:18
107379414,2021-04-28T17:51:08
106525659,2021-04-26T16:47:43
107489828,2021-04-29T00:02:11
107475633,2021-04-28T23:11:24
107461575,2021-04-28T22:21:18
107379414,2021-04-28T17:51:08
106525659,2021-04-26T16:47:43
107489828,2021-04-29T00:02:11
107475633,2021-04-28T23:11:24
107461575,2021-04-28T22:21:18
107379414,2021-04-28T17:51:08
106525659,2021-04-26T16:47:43
107489828,2021-04-29T00:02:11
107475633,2021-04-28T23:11:24
107461575,2021-04-28T22:21:18
107379414,2021-04-28T17:51:08
106525659,2021-04-26T16:47:43
107489828,2021-04-29T00:02:11
107475633,2021-04-28T23:11:24
107461575,2021-04-28T22:21:18
107379414,2021-04-28T17:51:08
106525659,2021-04-26T16:47:43
107489828,2021-04-29T00:02:11
107475633,2021-04-28T23:11:24
107461575,2021-04-28T22:21:18
107379414,2021-04-28T17:51:08
106525659,2021-04-26T16:47:43
109355031,2021-05-03T08:55:44
109361086,2021-05-03T09:16:40
111116580,2021-05-07T18:08:11
114315155,2021-05-14T22:01:21
114282014,2021-05-14T20:10:07
117964039,2021-05-23T22:54:05
118453591,2021-05-25T06:14:43
118654632,2021-05-25T19:22:24
118711525,2021-05-25T22:59:31
119199802,2021-05-27T06:49:11
121411635,2021-06-02T10:35:56
121710644,2021-06-03T05:02:20
124009108,2021-06-09T14:59:21
124051627,2021-06-09T17:30:43
124050351,2021-06-09T17:26:34
124046989,2021-06-09T17:15:03
124044932,2021-06-09T17:09:12
124058886,2021-06-09T18:01:19
124090201,2021-06-09T18:57:13
124078513,2021-06-09T18:35:16
124078514,2021-06-09T18:35:16
124072763,2021-06-09T18:31:15
124102734,2021-06-09T19:34:42
124154918,2021-06-09T22:40:24
124213520,2021-06-10T01:42:59
124245877,2021-06-10T04:06:42
124405651,2021-06-10T15:36:59
124471193,2021-06-10T19:38:35
124577658,2021-06-11T02:31:28
124773289,2021-06-11T16:27:56
126183103,2021-06-15T15:16:33
126629672,2021-06-16T19:58:07
126992862,2021-06-17T21:39:53
127364300,2021-06-18T23:26:19
129426568,2021-06-25T05:49:42
133684130,2021-07-07T17:08:04
133830975,2021-07-08T02:18:53
133865128,2021-07-08T04:29:02
133864046,2021-07-08T04:25:48
133862850,2021-07-08T04:21:03
134117391,2021-07-08T21:35:45
134522010,2021-07-10T01:13:25
134781943,2021-07-10T18:11:24
135977294,2021-07-14T01:47:46
139089595,2021-07-22T16:36:15
139236389,2021-07-23T01:54:38
139846683,2021-07-24T17:08:51
140225791,2021-07-25T17:21:19
141182415,2021-07-28T03:10:20
141480441,2021-07-28T20:26:25
141802035,2021-07-29T16:41:14
141978251,2021-07-30T01:48:56
142338720,2021-07-30T22:26:38
144198640,2021-08-04T18:23:28
144265934,2021-08-04T22:20:45
144294066,2021-08-05T00:00:07
145395013,2021-08-07T17:19:32
145751320,2021-08-08T13:53:11
145794534,2021-08-08T16:10:26
153171681,2021-08-25T06:32:01
153180260,2021-08-25T06:53:38
158747883,
158757523,2021-09-04T13:25:27
164890765,2021-09-15T18:24:22
164889741,2021-09-15T18:21:59
164889377,2021-09-15T18:20:15
164889172,2021-09-15T18:19:31
164894369,2021-09-15T18:32:38
164922565,2021-09-15T19:47:27
164921943,2021-09-15T19:45:19
164951292,2021-09-15T20:59:50
165669504,2021-09-17T00:51:04
166080763,2021-09-17T16:33:59
168990208,2021-09-22T20:04:29
